tool		CRA 	CRA 	CRA 	CRA 	CRA 	CRA 	CRA 	CRA 	CRA 	CRA 	CRA 	CRA 	CRA 	CRA 	CRA 	CRA 
run set		cra-monotone-lira-pc.svcomp-reach-safety	cra-monotone-lira-pc.svcomp-reach-safety	cra-monotone-lira-pc.svcomp-reach-safety	cra-monotone-lira-pc.svcomp-reach-safety	cra-monotone-lira-pc-lplh.svcomp-reach-safety	cra-monotone-lira-pc-lplh.svcomp-reach-safety	cra-monotone-lira-pc-lplh.svcomp-reach-safety	cra-monotone-lira-pc-lplh.svcomp-reach-safety	cra-monotone-relax-to-real-lw.svcomp-reach-safety	cra-monotone-relax-to-real-lw.svcomp-reach-safety	cra-monotone-relax-to-real-lw.svcomp-reach-safety	cra-monotone-relax-to-real-lw.svcomp-reach-safety	cra-monotone-relax-to-real-fmcad15.svcomp-reach-safety	cra-monotone-relax-to-real-fmcad15.svcomp-reach-safety	cra-monotone-relax-to-real-fmcad15.svcomp-reach-safety	cra-monotone-relax-to-real-fmcad15.svcomp-reach-safety
/home/diagram/src/research/projects/duet/bench-nk-local-abstraction-popl-2025/popl-results/tasks/svcomp-2025/svcomp2025-reach-safety-loops/		status	cputime (s)	walltime (s)	memory (MB)	status	cputime (s)	walltime (s)	memory (MB)	status	cputime (s)	walltime (s)	memory (MB)	status	cputime (s)	walltime (s)	memory (MB)
loops/bubble_sort-2.yml	false	false	0.803254	0.6434917910000877	70.320128	false	0.803865	0.6413392100002966	70.410240	false	1.434725	1.1022312790009892	69.181440	TIMEOUT	300.802865	300.6959903930001	860.549120
loops/compact.yml	false	TIMEOUT	300.783977	300.897191002	1266.294784	false	0.370421	0.2896897619975789	59.785216	false	0.656486	0.5035896350018447	59.351040	false	0.650415	0.5161891000025207	59.506688
loops/heavy-1.yml	false	TIMEOUT	300.804518	300.95989539199945	1399.037952	false	0.228285	0.18392623500039917	59.052032	false	0.399739	0.32519875800062437	59.199488	false	0.643172	0.5742299300000013	58.949632
loops/heavy-2.yml	true	TIMEOUT	300.809209	300.99718173600013	1370.927104	true	0.222063	0.1821985130009125	59.699200	true	0.398725	0.3298624300005031	59.592704	true	0.655034	0.5843465580001066	59.420672
loop-acceleration/functions_1-1.yml	true	TIMEOUT	300.821509	300.97853142799977	1625.591808	true	0.339085	0.2672661380020145	57.671680	true	0.625009	0.48254889599775197	57.458688	true	0.357034	0.2789883639998152	57.638912
loop-acceleration/functions_1-2.yml	false	TIMEOUT	300.816104	300.9568533009997	1587.896320	false	0.342994	0.270961170001101	58.077184	false	0.663265	0.5183601839999028	57.704448	false	0.359472	0.28016076600033557	57.561088
loop-acceleration/nested_1-1.yml	true	TIMEOUT	300.801463	300.9886055390007	1298.010112	true	0.249176	0.1956855260032171	57.892864	true	0.361332	0.29025239499969757	57.229312	true	0.220684	0.1817183049970481	58.003456
loop-acceleration/nested_1-2.yml	false	TIMEOUT	300.801676	301.00368169600006	1298.632704	false	0.198016	0.16035083399765426	57.327616	false	0.377575	0.30203548099962063	57.520128	false	0.201114	0.16478285899938783	56.651776
loop-acceleration/phases_1-1.yml	true	TIMEOUT	300.788616	300.85022591100005	611.811328	false	0.189576	0.15651610900022206	56.983552	false	0.353822	0.28122436400008155	57.192448	false	0.19189	0.15518567499748315	57.012224
loop-acceleration/phases_1-2.yml	false	TIMEOUT	300.797999	300.84775568200075	617.439232	false	0.190043	0.15602228799980367	57.118720	false	0.35915	0.29396661999999196	56.848384	false	0.193349	0.16031542500059004	57.462784
loop-acceleration/simple_1-1.yml	false	TIMEOUT	300.824594	300.88758308900105	1220.993024	false	0.189217	0.1556378900022537	56.827904	false	0.340824	0.27714922899758676	57.135104	false	0.226943	0.18842052000036347	56.250368
loop-acceleration/simple_1-2.yml	true	TIMEOUT	300.819228	300.88373468899954	1231.650816	true	0.185277	0.15285685299750185	56.901632	true	0.34663	0.2848061549993872	56.573952	true	0.239326	0.18980854699839256	56.553472
loop-acceleration/simple_2-1.yml	true	TIMEOUT	300.818604	300.86769245699907	1200.234496	true	0.195731	0.15360267800133443	57.266176	true	0.341305	0.27896613299890305	56.983552	true	0.1907	0.15663822400165373	56.430592
loop-acceleration/simple_2-2.yml	false	TIMEOUT	300.820472	300.8690263440003	1211.785216	false	0.188755	0.15490992500053835	57.020416	false	0.384944	0.3112747279992618	56.709120	false	0.185285	0.15123018600206706	57.393152
loop-crafted/simple_array_index_value_4.i.v+lhb-reducer.yml	true	TIMEOUT	300.826921	300.8413560280005	1210.302464	false	0.446235	0.3581677149995812	60.383232	false	0.815854	0.6498220569992554	60.358656	false	0.620575	0.5334808769985102	60.358656
loop-crafted/simple_array_index_value_4.i.v+nlh-reducer.yml	true	TIMEOUT	300.811056	300.7983097710003	940.818432	false	0.419742	0.3383784330035269	59.879424	false	0.808247	0.6464960729972518	60.506112	false	0.759879	0.6810475140009657	74.956800
loop-crafted/simple_array_index_value_4.yml	true	TIMEOUT	300.808625	300.82332487700114	943.554560	false	0.396879	0.2994178130029468	59.326464	false	0.691182	0.5407911930014961	58.904576	false	0.465052	0.3897723350019078	60.116992
loop-crafted/simple_vardep_1.yml	true	TIMEOUT	300.792397	300.85224556400135	612.872192	true	0.198848	0.15814163600225584	56.897536	true	0.353288	0.288492457002576	56.848384	true	0.194109	0.16281740399790579	56.803328
loop-crafted/simple_vardep_2.yml	true	TIMEOUT	300.795428	300.86220562000017	661.733376	true	0.199418	0.15984480500264908	58.159104	true	0.395209	0.3244658719995641	57.376768	true	0.201734	0.16786968400265323	57.257984
loop-invgen/apache-get-tag.i.p+lhb-reducer.yml	true	true	3.27622	3.2338806339994335	125.640704	true	2.724994	2.680227176999324	125.558784	false	4.059146	3.9813000180001836	126.136320	false	12.41479	12.371443174997694	188.993536
loop-invgen/apache-get-tag.i.p+sep-reducer.yml	true	false	120.531771	120.48934837300112	544.493568	false	110.5926	110.54778755999723	544.468992	false	138.472872	138.43048653400183	499.658752	TIMEOUT	300.790827	300.83835914099836	943.824896
loop-invgen/apache-get-tag.i.v+lhb-reducer.yml	true	true	0.410266	0.3641282839998894	58.814464	true	0.422705	0.37539436199949705	58.933248	false	0.764904	0.6849061510001775	64.749568	false	2.488027	2.4509018970020406	140.722176
loop-invgen/apache-get-tag.i.v+nlh-reducer.yml	true	true	0.41243	0.3734601760006626	58.372096	true	0.422414	0.3670973049993336	58.834944	false	0.738947	0.667126405001909	60.137472	false	1.731429	1.6814402109994262	129.138688
loop-invgen/apache-get-tag.yml	true	true	0.317036	0.2788309150000714	62.877696	true	0.319225	0.2844857320014853	57.851904	false	0.584094	0.5204524420005328	59.895808	false	0.441149	0.40245525000136695	61.603840
loop-invgen/fragtest_simple.yml	true	TIMEOUT	300.816287	300.88281060400004	1302.671360	true	0.207504	0.17351112100004684	57.114624	true	0.373423	0.30708838799910154	56.934400	true	0.301861	0.2650168330001179	57.184256
loop-invgen/string_concat-noarr.yml	true	TIMEOUT	300.820348	300.88006423299885	1320.136704	true	0.224729	0.1789070989980246	57.901056	true	0.375215	0.3000966619983956	57.278464	true	0.220659	0.18853186900014407	57.511936
loop-lit/css2003.yml	true	TIMEOUT	300.792665	300.847213817	686.616576	true	0.192199	0.1563679940009024	56.815616	true	0.361249	0.29514890700011165	57.499648	true	0.219128	0.17937691300176084	57.331712
loop-new/count_by_1.yml	true	TIMEOUT	300.811236	300.87899739099885	1217.179648	true	0.190702	0.15265405500031193	57.892864	true	0.361879	0.2969160880020354	57.237504	true	0.195084	0.15764293299798737	57.114624
loop-new/count_by_1_variant.yml	true	TIMEOUT	300.801658	300.8523026890016	800.653312	true	0.189646	0.1536956720010494	57.491456	true	0.346259	0.28518708199771936	57.229312	true	0.189457	0.15486351899744477	57.274368
loop-new/count_by_2.yml	true	TIMEOUT	300.812183	300.86948413999926	1204.420608	true	0.183418	0.14531107700167922	57.442304	true	0.333547	0.27024686000004294	56.369152	true	0.197884	0.1578481569995347	57.511936
loop-new/count_by_k.yml	true	TIMEOUT	300.823515	300.8780717610007	1674.252288	TIMEOUT	300.842206	300.96757621899815	1696.260096	false	0.335232	0.2661457149988564	56.889344	false	0.194258	0.16032912700029556	57.401344
loop-new/count_by_nondet.yml	true	TIMEOUT	300.794927	300.85182859699853	638.889984	false	0.348231	0.28847383099855506	57.167872	false	0.359787	0.2903193009988172	56.999936	false	0.210625	0.16881041700253263	57.348096
loop-industry-pattern/ofuf_1.yml	true	TIMEOUT	300.831054	300.7953592009999	1643.036672	false	4.344187	4.152497735998622	118.865920	false	4.598289	4.393214477000583	120.365056	TIMEOUT	300.897222	300.8815614800005	4375.654400
loop-industry-pattern/ofuf_2.yml	true	TIMEOUT	300.83712	300.8076809160011	1724.092416	false	4.796256	4.614947407000727	119.021568	false	5.055521	4.8440718759993615	122.744832	TIMEOUT	300.809167	300.81143078100285	942.436352
loop-industry-pattern/ofuf_3.yml	true	TIMEOUT	300.830478	300.79292267899837	1654.407168	false	4.451762	4.271803159997944	118.964224	false	4.572792	4.376143912999396	120.303616	TIMEOUT	300.829647	300.778987812002	944.734208
loop-industry-pattern/ofuf_4.yml	true	TIMEOUT	300.828146	300.8001852190009	1668.857856	false	5.01747	4.828471800999978	117.006336	false	6.876895	6.703475441001501	122.699776	TIMEOUT	300.823378	300.74847143199804	949.624832
loop-industry-pattern/ofuf_5.yml	true	TIMEOUT	300.841438	300.8101064479997	1647.910912	false	4.535131	4.3424220380002225	122.261504	false	5.308818	5.1057633249984065	118.730752	TIMEOUT	300.817636	300.76970411500224	959.311872
loops-crafted-1/Mono1_1-1.yml	false	TIMEOUT	300.7915	300.8481070430007	615.731200	false	0.348196	0.28444805999970413	57.823232	false	0.379737	0.31528375999914715	56.786944	false	0.20542	0.17316005999600748	57.262080
loops-crafted-1/Mono1_1-2.yml	true	TIMEOUT	300.791391	300.8487345369995	617.803776	false	0.376997	0.2913018450017262	57.745408	false	0.386053	0.3138127969978086	56.905728	false	0.207948	0.1682466510028462	57.475072
loops-crafted-1/Mono3_1.yml	false	TIMEOUT	300.799952	300.85464046200104	823.853056	false	0.351977	0.28046617900326964	57.114624	false	0.376122	0.3036478120011452	58.413056	false	0.209176	0.17084626900032163	57.081856
loops-crafted-1/Mono4_1.yml	false	TIMEOUT	300.79135	300.8493631320016	638.353408	false	0.361291	0.2953830199985532	56.999936	false	0.361334	0.2945864419998543	56.823808	false	0.217367	0.17091115399671253	58.179584
loops-crafted-1/Mono5_1.yml	false	TIMEOUT	300.801951	300.8457758120021	850.997248	false	0.360896	0.29212088200074504	56.913920	false	0.359515	0.29699222199997166	56.520704	false	0.214171	0.17704115900414763	56.963072
loops-crafted-1/Mono6_1.yml	false	TIMEOUT	300.793449	300.85969876799936	553.693184	false	0.349322	0.2845983139995951	56.930304	false	0.361267	0.2943476059990644	57.204736	false	0.207256	0.16998273400531616	56.905728
loops-crafted-1/discover_list.yml	true	false	282.464316	282.4254446490013	838.152192	TIMEOUT	300.788175	300.70483901199987	328.220672	TIMEOUT	300.72513	300.93992814599915	328.310784	TIMEOUT	300.795472	300.7539405400021	615.026688
loops-crafted-1/loopv3.yml	true	TIMEOUT	300.8185	300.88000463599747	1258.016768	false	0.377866	0.3086553670000285	57.913344	false	0.398739	0.32006081299914513	57.364480	false	0.21007	0.1709835059955367	57.491456
loops-crafted-1/mono-crafted_1.yml	true	TIMEOUT	300.795603	300.8398190320004	637.874176	false	0.369677	0.305145778998849	57.430016	false	0.407472	0.3290268310011015	57.200640	false	0.22728	0.18602341099904152	57.495552
loops-crafted-1/mono-crafted_10.yml	true	TIMEOUT	300.789002	300.84408096800325	553.771008	false	0.35025	0.28745954199985135	56.942592	false	0.397133	0.32815632200072287	57.384960	false	0.200164	0.1663197689995286	56.885248
loops-crafted-1/mono-crafted_11.yml	true	TIMEOUT	300.792027	300.84990611899775	617.766912	false	0.354581	0.2877189430000726	57.323520	false	0.359152	0.2869411030005722	56.676352	false	0.202207	0.16649603899713838	56.643584
loops-crafted-1/mono-crafted_12.yml	true	TIMEOUT	300.791686	300.84213864499907	553.553920	false	0.356188	0.2944485740008531	57.430016	false	0.386906	0.31336837600247236	58.126336	false	0.21177	0.1747373200050788	57.290752
loops-crafted-1/mono-crafted_13.yml	true	TIMEOUT	300.808203	300.860767107999	851.595264	false	0.372016	0.3065463400016597	57.319424	false	0.393448	0.3270709349999379	57.380864	false	0.222347	0.18441696499940008	57.262080
loops-crafted-1/mono-crafted_14.yml	true	TIMEOUT	300.796572	300.8390079139972	639.057920	false	0.387258	0.3151168570002483	57.241600	false	0.394083	0.31891552500019316	58.798080	false	0.241791	0.19832902699999977	56.352768
loops-crafted-1/mono-crafted_3.yml	true	TIMEOUT	300.794013	300.8459692799988	636.096512	false	0.377697	0.31225155500214896	56.807424	false	0.403997	0.33562796600017464	57.958400	false	0.224789	0.18797464200179093	57.053184
loops-crafted-1/mono-crafted_6.yml	true	TIMEOUT	300.796672	300.8418800420004	655.106048	false	0.360236	0.28970635600126116	56.614912	false	0.374447	0.30578641000101925	57.896960	false	0.217512	0.1816186190044391	57.171968
loops-crafted-1/mono-crafted_7.yml	true	TIMEOUT	300.79475	300.8323632039974	633.851904	false	0.357613	0.2896540300025663	56.676352	false	0.382096	0.31575033299668576	57.053184	false	0.224805	0.1848455869985628	58.023936
loops-crafted-1/mono-crafted_8.yml	true	TIMEOUT	300.803597	300.8566628430017	854.335488	false	0.3657	0.3033238659991184	56.778752	false	0.386789	0.31878407600015635	57.180160	false	0.232349	0.19576543100265553	56.754176
loops-crafted-1/mono-crafted_9.yml	true	TIMEOUT	300.794423	300.84466145600163	641.327104	false	0.35587	0.28842173399971216	57.753600	false	0.379554	0.3063528920029057	57.597952	false	0.226997	0.1841388660031953	57.180160
loops-crafted-1/nested3-1.yml	true	TIMEOUT	300.81422	300.87703491999855	1202.012160	true	0.408076	0.3438479420001386	57.393152	true	0.432867	0.3617896579999069	57.917440	true	0.303986	0.26786230000288924	57.376768
loops-crafted-1/nested3-1_abstracted.yml	true	TIMEOUT	300.828459	300.88881443599894	1459.232768	true	0.406724	0.3426374980008404	57.487360	true	0.449433	0.3813694519994897	58.097664	true	0.290623	0.25190985599328997	57.905152
loops-crafted-1/nested3-2.yml	false	TIMEOUT	300.822462	300.88500781699986	1196.564480	false	0.406113	0.34205338900210336	57.053184	false	0.435213	0.3624559430027148	57.962496	false	0.286173	0.2551524439986679	57.532416
loops-crafted-1/nested5-1.yml	true	TIMEOUT	300.846887	300.89797075200113	1861.836800	true	0.440601	0.37774725700001	58.142720	true	0.496361	0.4283787280000979	57.434112	true	0.553942	0.5193344619983691	60.846080
loops-crafted-1/nested5-2.yml	false	TIMEOUT	300.818064	300.88101883000127	1200.361472	false	0.410244	0.35120795499824453	57.008128	false	0.461553	0.3924090000000433	56.885248	false	0.590145	0.5487455670008785	61.825024
loops-crafted-1/nested_delay_nd.yml	true	TIMEOUT	300.811464	300.86922123099794	1096.720384	false	0.48507	0.42153709899866953	57.118720	false	0.490593	0.42513014700307394	58.138624	false	0.821522	0.7835192080019624	57.597952
loops-crafted-1/sum_natnum.yml	true	TIMEOUT	300.797335	300.866417256002	887.554048	false	0.344932	0.28333202799694845	57.110528	false	0.406826	0.3319928529999743	57.270272	false	0.21061	0.17078905399830546	56.778752
loops-crafted-1/sumt8.yml	true	TIMEOUT	300.76753	300.8000839430024	106.708992	TIMEOUT	300.775403	300.7944484019972	120.037376	true	0.697768	0.6291696459993545	57.704448	true	9.099485	9.054074089006463	142.659584
loops-crafted-1/sumt9.yml	true	TIMEOUT	300.783567	300.8210197410008	322.125824	TIMEOUT	300.776272	300.77837510000245	211.013632	true	0.897223	0.8246497990003263	57.671680	true	17.544484	17.508484908001265	144.080896
loop-simple/deep-nested.yml	false	TIMEOUT	300.795889	300.8509672720029	696.549376	false	0.506253	0.43837809400065453	60.022784	false	0.522104	0.44553273700148566	56.872960	false	0.690659	0.6523342459986452	67.764224
nla-digbench-scaling/egcd-ll_unwindbound10.yml	false	TIMEOUT	300.793783	300.82035410499884	299.393024	false	0.686568	0.6224178470001789	57.253888	false	0.608957	0.536925541000528	57.438208	false	0.508409	0.4680511380065582	57.499648
nla-digbench-scaling/egcd-ll_unwindbound100.yml	false	TIMEOUT	300.77659	300.8008848710015	227.274752	false	0.703853	0.6347398559992143	57.303040	false	0.60852	0.5419765769984224	58.179584	false	0.539197	0.4957037259955541	57.810944
nla-digbench-scaling/egcd-ll_unwindbound20.yml	false	TIMEOUT	300.772993	300.8030289800008	175.874048	false	0.718077	0.6479793480029912	57.569280	false	0.639247	0.5616475110000465	56.750080	false	0.505151	0.46118826400197577	56.811520
nla-digbench-scaling/egcd-ll_unwindbound50.yml	false	TIMEOUT	300.775578	300.7928866430011	198.307840	false	0.681705	0.6167401170023368	57.696256	false	0.595592	0.5257054130015604	58.200064	false	0.495875	0.4562409430000116	57.040896
