tool	Projection of integer hull 1.0	Projection of integer hull 1.0	Projection of integer hull 1.0	Projection of integer hull 1.0	Projection of integer hull 1.0	Projection of integer hull 1.0	Projection of integer hull 1.0	Projection of integer hull 1.0	Projection of integer hull 1.0	Projection of integer hull 1.0	Projection of integer hull 1.0	Projection of integer hull 1.0	Projection of integer hull 1.0	Projection of integer hull 1.0	Projection of integer hull 1.0	Projection of integer hull 1.0
run set	[lira-convex-hull-pc-lplh.cra-monotone-svcomp-realified; lira-convex-hull-pc-lplh.termination-monotone-svcomp-realified]	[lira-convex-hull-pc-lplh.cra-monotone-svcomp-realified; lira-convex-hull-pc-lplh.termination-monotone-svcomp-realified]	[lira-convex-hull-pc-lplh.cra-monotone-svcomp-realified; lira-convex-hull-pc-lplh.termination-monotone-svcomp-realified]	[lira-convex-hull-pc-lplh.cra-monotone-svcomp-realified; lira-convex-hull-pc-lplh.termination-monotone-svcomp-realified]	[lra-convex-hull-lw.cra-monotone-svcomp-realified; lra-convex-hull-lw.termination-monotone-svcomp-realified]	[lra-convex-hull-lw.cra-monotone-svcomp-realified; lra-convex-hull-lw.termination-monotone-svcomp-realified]	[lra-convex-hull-lw.cra-monotone-svcomp-realified; lra-convex-hull-lw.termination-monotone-svcomp-realified]	[lra-convex-hull-lw.cra-monotone-svcomp-realified; lra-convex-hull-lw.termination-monotone-svcomp-realified]	[lra-convex-hull-fmcad15.cra-monotone-svcomp-realified; lra-convex-hull-fmcad15.termination-monotone-svcomp-realified]	[lra-convex-hull-fmcad15.cra-monotone-svcomp-realified; lra-convex-hull-fmcad15.termination-monotone-svcomp-realified]	[lra-convex-hull-fmcad15.cra-monotone-svcomp-realified; lra-convex-hull-fmcad15.termination-monotone-svcomp-realified]	[lra-convex-hull-fmcad15.cra-monotone-svcomp-realified; lra-convex-hull-fmcad15.termination-monotone-svcomp-realified]	[lira-convex-hull-pc.cra-monotone-svcomp-realified; lira-convex-hull-pc.termination-monotone-svcomp-realified]	[lira-convex-hull-pc.cra-monotone-svcomp-realified; lira-convex-hull-pc.termination-monotone-svcomp-realified]	[lira-convex-hull-pc.cra-monotone-svcomp-realified; lira-convex-hull-pc.termination-monotone-svcomp-realified]	[lira-convex-hull-pc.cra-monotone-svcomp-realified; lira-convex-hull-pc.termination-monotone-svcomp-realified]
/home/diagram/src/research/projects/duet/bench-nk-local-abstraction-popl-2025/filtered-popl-results/tasks/svcomp-2025/	status	cputime (s)	walltime (s)	memory (MB)	status	cputime (s)	walltime (s)	memory (MB)	status	cputime (s)	walltime (s)	memory (MB)	status	cputime (s)	walltime (s)	memory (MB)
svcomp2025-cra-monotone-hulls-realified/loop-industry-pattern/ofuf_1d5f2f7.i---hull-24_realified.yml	done	0.242107	0.24644351200549863	46.260224	done	0.190938	0.19747620899579488	44.244992	done	2.299804	2.303545999020571	143.511552	done	0.260558	0.2685335430142004	45.895680
svcomp2025-cra-monotone-hulls-realified/loop-industry-pattern/ofuf_1d5f2f7.i---hull-25_realified.yml	done	0.255848	0.2593934229807928	46.247936	done	0.229073	0.2367997939873021	44.593152	done	2.304635	2.307057950994931	143.544320	done	0.234668	0.24162513899500482	45.535232
svcomp2025-cra-monotone-hulls-realified/loop-industry-pattern/ofuf_1d5f2f7.i---hull-26_realified.yml	done	1.110834	1.1228422579879407	54.579200	done	0.471501	0.4782342460239306	51.978240	done	15.285224	15.291514557990013	161.013760	done	0.793115	0.8029764360107947	57.044992
svcomp2025-cra-monotone-hulls-realified/loop-industry-pattern/ofuf_1d5f2f7.i---hull-27_realified.yml	done	1.077531	1.0844430649885908	54.595584	done	0.468489	0.47422161398571916	51.970048	done	15.60871	15.614647084992612	160.980992	done	0.805956	0.8127425530110486	56.602624
svcomp2025-cra-monotone-hulls-realified/loop-industry-pattern/ofuf_1d5f2f7.i---hull-28_realified.yml	done	0.646396	0.652275981992716	52.809728	done	0.314479	0.3204839800018817	48.734208	done	9.684148	9.689346744009526	146.608128	done	0.500476	0.5078084880078677	52.420608
svcomp2025-cra-monotone-hulls-realified/loop-industry-pattern/ofuf_1d5f2f7.i---hull-29_realified.yml	done	0.69192	0.6988278820062988	52.817920	done	0.329131	0.3356064239924308	48.783360	done	9.922397	9.927166053996189	146.358272	done	0.482046	0.4883598939923104	52.424704
svcomp2025-cra-monotone-hulls-realified/loop-industry-pattern/ofuf_27195b2.i---hull-24_realified.yml	done	0.248826	0.25266947300406173	46.194688	done	0.197127	0.2032733990054112	44.232704	done	2.369937	2.3732664020208176	143.413248	done	0.237697	0.24300603198935278	45.400064
svcomp2025-cra-monotone-hulls-realified/loop-industry-pattern/ofuf_27195b2.i---hull-25_realified.yml	done	0.307877	0.31163840301451273	46.354432	done	0.193122	0.19955660798586905	44.470272	done	2.301389	2.304496538010426	143.302656	done	0.224615	0.231007727998076	45.445120
svcomp2025-cra-monotone-hulls-realified/loop-industry-pattern/ofuf_27195b2.i---hull-26_realified.yml	done	1.074996	1.0811802899988834	54.784000	done	0.474778	0.4806099080014974	51.965952	done	14.756596	14.763117791997502	160.907264	done	0.744193	0.750638458004687	56.643584
svcomp2025-cra-monotone-hulls-realified/loop-industry-pattern/ofuf_27195b2.i---hull-27_realified.yml	done	1.019568	1.0275992789829616	54.595584	done	0.483484	0.4907479340035934	51.970048	done	15.342418	15.349957578000613	161.255424	done	0.791699	0.7996679919888265	56.877056
svcomp2025-cra-monotone-hulls-realified/loop-industry-pattern/ofuf_27195b2.i---hull-28_realified.yml	done	0.647636	0.6519106309860945	52.817920	done	0.307476	0.3131899629952386	48.807936	done	9.619407	9.624100421991898	146.366464	done	0.494212	0.501797342003556	52.281344
svcomp2025-cra-monotone-hulls-realified/loop-industry-pattern/ofuf_27195b2.i---hull-29_realified.yml	done	0.631431	0.6385392289957963	52.985856	done	0.346832	0.35346026500337757	49.004544	done	9.883861	9.888050729990937	146.386944	done	0.4984	0.5059824670024682	52.477952
svcomp2025-cra-monotone-hulls-realified/loop-industry-pattern/ofuf_38d9e41.i---hull-24_realified.yml	done	0.263786	0.26682324198191054	46.292992	done	0.200414	0.2054004600213375	44.453888	done	2.287927	2.291804189007962	143.286272	done	0.242348	0.2501932260056492	45.420544
svcomp2025-cra-monotone-hulls-realified/loop-industry-pattern/ofuf_38d9e41.i---hull-25_realified.yml	done	0.269189	0.2730278790113516	46.182400	done	0.187532	0.19352635799441487	44.326912	done	2.308672	2.3124225200153887	143.294464	done	0.232532	0.23849675201927312	45.424640
svcomp2025-cra-monotone-hulls-realified/loop-industry-pattern/ofuf_38d9e41.i---hull-26_realified.yml	done	1.05382	1.063024046976352	54.583296	done	0.46975	0.4762391149997711	52.224000	done	15.06643	15.072599368984811	161.001472	done	0.775562	0.7843690600129776	57.040896
svcomp2025-cra-monotone-hulls-realified/loop-industry-pattern/ofuf_38d9e41.i---hull-27_realified.yml	done	0.929369	0.9368836659996305	54.587392	done	0.4828	0.4892228829849046	51.937280	done	15.150111	15.158101620007074	160.952320	done	0.76294	0.7711348099983297	56.598528
svcomp2025-cra-monotone-hulls-realified/loop-industry-pattern/ofuf_38d9e41.i---hull-28_realified.yml	done	0.632154	0.6379487450176384	52.817920	done	0.330083	0.3361805370077491	48.791552	done	9.603927	9.609051320992876	146.391040	done	0.479606	0.48536917701130733	52.346880
svcomp2025-cra-monotone-hulls-realified/loop-industry-pattern/ofuf_38d9e41.i---hull-29_realified.yml	done	0.694868	0.7020370940153953	52.842496	done	0.329045	0.33543852099683136	48.881664	done	9.392626	9.397649064019788	146.374656	done	0.490859	0.49859725902206264	52.518912
svcomp2025-cra-monotone-hulls-realified/loop-industry-pattern/ofuf_4a8b1f6.i---hull-24_realified.yml	done	0.263338	0.2699209039856214	46.297088	done	0.200326	0.20661917500547133	44.642304	done	2.275996	2.279571154009318	143.314944	done	0.248203	0.2545325690007303	45.588480
svcomp2025-cra-monotone-hulls-realified/loop-industry-pattern/ofuf_4a8b1f6.i---hull-25_realified.yml	done	0.271572	0.27666389700607397	46.166016	done	0.200073	0.20542757998919114	44.220416	done	2.222769	2.2272527439927217	143.290368	done	0.238179	0.2459895689971745	45.666304
svcomp2025-cra-monotone-hulls-realified/loop-industry-pattern/ofuf_4a8b1f6.i---hull-26_realified.yml	done	0.923907	0.9318787379888818	54.611968	done	0.498271	0.5048584720061626	51.924992	done	15.045527	15.052737835008884	161.091584	done	0.746478	0.7532842019863892	56.864768
svcomp2025-cra-monotone-hulls-realified/loop-industry-pattern/ofuf_4a8b1f6.i---hull-27_realified.yml	done	0.995641	1.0009083010081667	54.595584	done	0.472275	0.4786069260153454	51.970048	done	15.07763	15.084150568989571	161.021952	done	0.781702	0.7891333599982318	56.872960
svcomp2025-cra-monotone-hulls-realified/loop-industry-pattern/ofuf_4a8b1f6.i---hull-28_realified.yml	done	0.65941	0.6655423800111748	52.822016	done	0.328907	0.33505787400645204	48.812032	done	9.867319	9.87162021099357	146.374656	done	0.471757	0.4778191359946504	52.285440
svcomp2025-cra-monotone-hulls-realified/loop-industry-pattern/ofuf_4a8b1f6.i---hull-29_realified.yml	done	0.551941	0.5565663299930748	52.916224	done	0.334637	0.34141268601524644	49.135616	done	9.566182	9.571196131990291	146.505728	done	0.503031	0.510218563984381	52.469760
svcomp2025-cra-monotone-hulls-realified/loop-industry-pattern/ofuf_503d11a.i---hull-24_realified.yml	done	0.270133	0.2743695190001745	46.395392	done	0.191571	0.19745848499587737	44.269568	done	2.224264	2.2282366160070524	143.290368	done	0.212399	0.21802497198223136	45.473792
svcomp2025-cra-monotone-hulls-realified/loop-industry-pattern/ofuf_503d11a.i---hull-25_realified.yml	done	0.286231	0.29282429997692816	46.198784	done	0.185487	0.19024811498820782	44.191744	done	2.205622	2.2090473030111752	143.306752	done	0.239232	0.245195278985193	45.428736
svcomp2025-cra-monotone-hulls-realified/loop-industry-pattern/ofuf_503d11a.i---hull-26_realified.yml	done	1.07887	1.084225183003582	54.591488	done	0.459688	0.46535115101141855	51.945472	done	14.811171	14.818373506015632	161.001472	done	0.828124	0.8361274789785966	56.946688
svcomp2025-cra-monotone-hulls-realified/loop-industry-pattern/ofuf_503d11a.i---hull-27_realified.yml	done	0.957056	0.9616293979925103	54.599680	done	0.499695	0.5070874219818506	52.457472	done	15.178567	15.185566002008272	160.952320	done	0.803281	0.8096273819974158	56.627200
svcomp2025-cra-monotone-hulls-realified/loop-industry-pattern/ofuf_503d11a.i---hull-28_realified.yml	done	0.62619	0.6342194960161578	53.288960	done	0.344096	0.3503156100050546	49.156096	done	9.51597	9.520290866988944	146.391040	done	0.472801	0.4785448059847113	52.285440
svcomp2025-cra-monotone-hulls-realified/loop-industry-pattern/ofuf_503d11a.i---hull-29_realified.yml	done	0.647027	0.653015792981023	53.268480	done	0.326937	0.3332978390099015	48.721920	done	9.437396	9.442982325010234	146.374656	done	0.473893	0.47980758899939246	52.490240
svcomp2025-termination-monotone-hulls-realified/loop-industry-pattern/ofuf_124a27b.i---hull-24_realified.yml	done	0.146351	0.15099257600377314	46.608384	done	0.101649	0.10701390899998842	44.253184	done	2.526668	2.5300535420001324	143.265792	done	0.1405	0.1452493999968283	45.563904
svcomp2025-termination-monotone-hulls-realified/loop-industry-pattern/ofuf_124a27b.i---hull-25_realified.yml	done	0.151023	0.15609630398103036	46.678016	done	0.0958	0.1006074650000528	44.355584	done	2.424426	2.4273988859999918	143.273984	done	0.149179	0.1534255150181707	45.490176
svcomp2025-termination-monotone-hulls-realified/loop-industry-pattern/ofuf_124a27b.i---hull-26_realified.yml	done	0.610635	0.6145936339744367	54.935552	done	0.260055	0.2645960659999673	51.793920	done	16.237447	16.243480438999995	160.985088	done	0.49075	0.4947055919910781	56.582144
svcomp2025-termination-monotone-hulls-realified/loop-industry-pattern/ofuf_124a27b.i---hull-27_realified.yml	done	0.629488	0.6344051319756545	54.976512	done	0.247461	0.25220943099998294	51.978240	done	18.80212	18.810600543999954	161.034240	done	0.503125	0.5080703590065241	56.803328
svcomp2025-termination-monotone-hulls-realified/loop-industry-pattern/ofuf_124a27b.i---hull-28_realified.yml	done	0.353844	0.3579556830227375	53.248000	done	0.170376	0.17459335199998804	48.672768	done	11.080726	11.089006850999795	146.370560	done	0.348924	0.35153921600431204	52.301824
svcomp2025-termination-monotone-hulls-realified/loop-industry-pattern/ofuf_124a27b.i---hull-29_realified.yml	done	0.349769	0.35378123400732875	53.166080	done	0.177259	0.18290892799996072	48.771072	done	10.894467	10.90267373100005	146.378752	done	0.30484	0.30873506498755887	52.224000
svcomp2025-termination-monotone-hulls-realified/loop-industry-pattern/ofuf_124a27b.i---hull-62_realified.yml	done	0.600731	0.6044232890126295	55.099392	done	0.268705	0.27346568200005095	52.248576	done	16.724968	16.731877697000073	160.387072	done	0.487329	0.49218103699968196	55.795712
svcomp2025-termination-monotone-hulls-realified/loop-industry-pattern/ofuf_124a27b.i---hull-63_realified.yml	done	0.651747	0.6572031209943816	55.320576	done	0.261626	0.266977804000021	52.117504	done	16.976689	16.986823749999985	160.391168	done	0.506642	0.5179213089868426	55.836672
svcomp2025-termination-monotone-hulls-realified/loop-industry-pattern/ofuf_124a27b.i---hull-64_realified.yml	done	0.15256	0.1552352369762957	48.123904	done	0.106302	0.11151348900000357	45.019136	done	3.206084	3.2082973820001826	151.388160	done	0.158996	0.16203392599709332	47.427584
svcomp2025-termination-monotone-hulls-realified/loop-industry-pattern/ofuf_2e26a7f.i---hull-24_realified.yml	done	0.140848	0.14523903801455162	46.587904	done	0.105931	0.11022147699998186	44.204032	done	2.748295	2.7523240180003086	143.290368	done	0.13174	0.13586178299738094	45.375488
svcomp2025-termination-monotone-hulls-realified/loop-industry-pattern/ofuf_2e26a7f.i---hull-25_realified.yml	done	0.150302	0.15534457701141946	46.612480	done	0.104362	0.10912598999993861	44.404736	done	2.908788	2.9121487269999307	143.278080	done	0.133983	0.13818781601730734	45.367296
svcomp2025-termination-monotone-hulls-realified/loop-industry-pattern/ofuf_2e26a7f.i---hull-26_realified.yml	done	0.582643	0.5873354850045871	54.931456	done	0.242159	0.24660451600004762	51.851264	done	17.731789	17.73866647900013	160.972800	done	0.478691	0.48318743499112315	56.856576
svcomp2025-termination-monotone-hulls-realified/loop-industry-pattern/ofuf_2e26a7f.i---hull-27_realified.yml	done	0.590612	0.5962405439931899	54.968320	done	0.255941	0.2609956390000434	51.929088	done	17.987347	17.992536724000274	160.698368	done	0.473808	0.47839356400072575	56.659968
svcomp2025-termination-monotone-hulls-realified/loop-industry-pattern/ofuf_2e26a7f.i---hull-28_realified.yml	done	0.354772	0.35990665800636634	53.039104	done	0.179142	0.1833278579999842	48.709632	done	11.477489	11.484161686999869	146.337792	done	0.295373	0.3002404180006124	52.236288
svcomp2025-termination-monotone-hulls-realified/loop-industry-pattern/ofuf_2e26a7f.i---hull-29_realified.yml	done	0.345713	0.35058429001946934	53.424128	done	0.169532	0.1738482450000447	48.705536	done	10.575894	10.579536407999967	146.345984	done	0.294787	0.2987872560042888	52.383744
svcomp2025-termination-monotone-hulls-realified/loop-industry-pattern/ofuf_2e26a7f.i---hull-62_realified.yml	done	0.521795	0.5261436749715358	56.377344	done	0.227392	0.23258853600009388	50.683904	done	17.148132	17.15912438000032	160.419840	done	0.429442	0.4326671129965689	55.455744
svcomp2025-termination-monotone-hulls-realified/loop-industry-pattern/ofuf_2e26a7f.i---hull-63_realified.yml	done	0.554064	0.558575283997925	56.094720	done	0.219249	0.22380598999995982	50.909184	done	16.197667	16.202976648999993	160.428032	done	0.441435	0.4459699919971172	55.443456
svcomp2025-termination-monotone-hulls-realified/loop-industry-pattern/ofuf_2e26a7f.i---hull-64_realified.yml	done	0.158763	0.16395584400743246	48.369664	done	0.103655	0.1071560180000688	44.916736	done	3.001506	3.0060154089997013	151.552000	done	0.16527	0.1702795919845812	46.989312
svcomp2025-termination-monotone-hulls-realified/loop-industry-pattern/ofuf_2e26a7f.i---hull-65_realified.yml	done	0.157632	0.16182446002494544	48.427008	done	0.103183	0.10770107799999096	45.015040	done	2.907723	2.9116549519999353	151.552000	done	0.148673	0.1528247789829038	46.981120
svcomp2025-termination-monotone-hulls-realified/loop-industry-pattern/ofuf_3e395ee.i---hull-24_realified.yml	done	0.139867	0.1434034850099124	46.612480	done	0.108495	0.11328031099992586	44.249088	done	2.558492	2.561289864000173	143.286272	done	0.137381	0.14016917801927775	45.395968
svcomp2025-termination-monotone-hulls-realified/loop-industry-pattern/ofuf_3e395ee.i---hull-25_realified.yml	done	0.142337	0.14717085100710392	46.440448	done	0.102601	0.10596508499997981	44.097536	done	2.589628	2.592828587999975	143.282176	done	0.134357	0.13831339598982595	45.375488
svcomp2025-termination-monotone-hulls-realified/loop-industry-pattern/ofuf_3e395ee.i---hull-26_realified.yml	done	0.587437	0.5919019420107361	55.218176	done	0.267942	0.2725264209999523	51.863552	done	16.769933	16.775319250000393	160.702464	done	0.483606	0.48831754599814303	56.598528
svcomp2025-termination-monotone-hulls-realified/loop-industry-pattern/ofuf_3e395ee.i---hull-27_realified.yml	done	0.586079	0.591553431993816	55.222272	done	0.249972	0.25574217500002305	51.847168	done	16.842348	16.84921117199974	160.710656	done	0.502533	0.507628894993104	56.590336
svcomp2025-termination-monotone-hulls-realified/loop-industry-pattern/ofuf_3e395ee.i---hull-28_realified.yml	done	0.349691	0.3543908009887673	53.600256	done	0.174322	0.178648585000019	48.689152	done	11.974577	11.98008240900026	146.333696	done	0.286313	0.29103688200120814	52.244480
svcomp2025-termination-monotone-hulls-realified/loop-industry-pattern/ofuf_3e395ee.i---hull-29_realified.yml	done	0.34994	0.3549280700099189	53.424128	done	0.169388	0.17475115699994603	48.635904	done	10.768684	10.773426711999946	146.354176	done	0.288778	0.2928363730025012	52.678656
svcomp2025-termination-monotone-hulls-realified/loop-industry-pattern/ofuf_3e395ee.i---hull-62_realified.yml	done	0.545971	0.5510449330031406	56.377344	done	0.225645	0.23032688099999632	50.618368	done	17.695453	17.702265396999792	160.468992	done	0.45314	0.4559870969969779	55.676928
svcomp2025-termination-monotone-hulls-realified/loop-industry-pattern/ofuf_3e395ee.i---hull-63_realified.yml	done	0.518052	0.5219232800009195	56.049664	done	0.227097	0.23162807900007465	50.782208	done	18.16634	18.172887578999962	160.432128	done	0.420748	0.4249616500164848	55.697408
svcomp2025-termination-monotone-hulls-realified/loop-industry-pattern/ofuf_3e395ee.i---hull-64_realified.yml	done	0.160332	0.16553624300286174	48.168960	done	0.105246	0.10990847199991549	45.277184	done	3.32326	3.3269566920002944	151.543808	done	0.152737	0.1576561960100662	46.985216
svcomp2025-termination-monotone-hulls-realified/loop-industry-pattern/ofuf_3e395ee.i---hull-65_realified.yml	done	0.148474	0.1540800069924444	48.168960	done	0.108024	0.11223740399998405	45.240320	done	3.112172	3.1160623179998765	151.547904	done	0.141945	0.146650779992342	47.226880
svcomp2025-termination-monotone-hulls-realified/loop-industry-pattern/ofuf_4e80f52.i---hull-24_realified.yml	done	0.138354	0.14321285698679276	46.616576	done	0.105502	0.11014190800005963	44.187648	done	2.647084	2.6495911660003912	143.278080	done	0.130492	0.13684576700325124	45.404160
svcomp2025-termination-monotone-hulls-realified/loop-industry-pattern/ofuf_4e80f52.i---hull-25_realified.yml	done	0.138316	0.14238776799174957	46.612480	done	0.100485	0.10526408600003379	44.314624	done	2.667906	2.6706921879999754	143.290368	done	0.135905	0.14079488700372167	45.383680
svcomp2025-termination-monotone-hulls-realified/loop-industry-pattern/ofuf_4e80f52.i---hull-26_realified.yml	done	0.59219	0.5968614559969865	55.361536	done	0.246623	0.25125758800004405	52.039680	done	17.782607	17.794365165999807	160.972800	done	0.503667	0.5077535019954666	57.061376
svcomp2025-termination-monotone-hulls-realified/loop-industry-pattern/ofuf_4e80f52.i---hull-27_realified.yml	done	0.621937	0.626668940007221	55.422976	done	0.242873	0.24754291699991882	52.051968	done	17.62272	17.631636753000294	160.710656	done	0.485688	0.48983823900925927	56.745984
svcomp2025-termination-monotone-hulls-realified/loop-industry-pattern/ofuf_4e80f52.i---hull-28_realified.yml	done	0.371875	0.3772409399971366	53.424128	done	0.177529	0.1825934529999813	48.644096	done	10.848225	10.857964306999747	146.345984	done	0.298395	0.30272650497499853	52.248576
svcomp2025-termination-monotone-hulls-realified/loop-industry-pattern/ofuf_4e80f52.i---hull-29_realified.yml	done	0.369941	0.374939022003673	53.125120	done	0.176922	0.1817333230000031	49.016832	done	10.637889	10.643221966000056	146.358272	done	0.302956	0.30792411501170136	52.236288
svcomp2025-termination-monotone-hulls-realified/loop-industry-pattern/ofuf_4e80f52.i---hull-62_realified.yml	done	0.510282	0.5163076749886386	56.311808	done	0.23854	0.24258784799997102	51.060736	done	16.17149	16.183361219999824	160.440320	done	0.414166	0.41836140799568966	55.713792
svcomp2025-termination-monotone-hulls-realified/loop-industry-pattern/ofuf_4e80f52.i---hull-63_realified.yml	done	0.526222	0.5311817709880415	56.279040	done	0.220237	0.22507659099994726	50.933760	done	15.88578	15.891827269999794	160.440320	done	0.409955	0.41428367199841887	55.443456
svcomp2025-termination-monotone-hulls-realified/loop-industry-pattern/ofuf_4e80f52.i---hull-64_realified.yml	done	0.156008	0.16079964902019128	48.095232	done	0.111361	0.11579253900004005	45.285376	done	2.800668	2.804222922000008	151.552000	done	0.140863	0.14580168802058324	47.087616
svcomp2025-termination-monotone-hulls-realified/loop-industry-pattern/ofuf_4e80f52.i---hull-65_realified.yml	done	0.153554	0.15789119500550441	48.168960	done	0.111327	0.11668370400002459	45.182976	done	2.746607	2.750513046999913	151.552000	done	0.14821	0.15288451599190012	47.218688
svcomp2025-termination-monotone-hulls-realified/loop-industry-pattern/ofuf_58abe66.i---hull-24_realified.yml	done	0.140987	0.1465330200153403	46.608384	done	0.12006	0.12493609699993158	44.466176	done	2.359659	2.3631962239996938	143.228928	done	0.143033	0.14751714799785987	45.486080
svcomp2025-termination-monotone-hulls-realified/loop-industry-pattern/ofuf_58abe66.i---hull-25_realified.yml	done	0.143206	0.14766815799521282	46.731264	done	0.09898	0.10368057700009103	44.449792	done	2.384662	2.3875650839995615	143.237120	done	0.130682	0.13442146600573324	45.391872
svcomp2025-termination-monotone-hulls-realified/loop-industry-pattern/ofuf_58abe66.i---hull-26_realified.yml	done	0.57811	0.5819713370001409	55.070720	done	0.256382	0.2610529730000053	51.859456	done	16.181975	16.188839412000107	160.964608	done	0.44931	0.4545876090123784	56.705024
svcomp2025-termination-monotone-hulls-realified/loop-industry-pattern/ofuf_58abe66.i---hull-27_realified.yml	done	0.619002	0.6234777549980208	55.148544	done	0.249798	0.2544348059999493	51.847168	done	16.754868	16.76092010299999	160.710656	done	0.469874	0.4741874879982788	56.889344
svcomp2025-termination-monotone-hulls-realified/loop-industry-pattern/ofuf_58abe66.i---hull-28_realified.yml	done	0.34641	0.35053609899478033	53.166080	done	0.169808	0.17589696699997148	48.988160	done	10.956925	10.962329131999923	146.337792	done	0.290467	0.29494959200383164	52.318208
svcomp2025-termination-monotone-hulls-realified/loop-industry-pattern/ofuf_58abe66.i---hull-29_realified.yml	done	0.344702	0.34981283702654764	53.264384	done	0.172179	0.17711094399999183	48.664576	done	10.084697	10.089272964999964	146.345984	done	0.283179	0.28734901201096363	52.379648
svcomp2025-termination-monotone-hulls-realified/loop-industry-pattern/ofuf_58abe66.i---hull-62_realified.yml	done	0.55913	0.5638273880176712	56.258560	done	0.226003	0.23113365200003955	51.044352	done	17.359919	17.368593517000136	160.436224	done	0.400306	0.4036955910269171	55.652352
svcomp2025-termination-monotone-hulls-realified/loop-industry-pattern/ofuf_58abe66.i---hull-63_realified.yml	done	0.523707	0.5289313449757174	56.377344	done	0.22265	0.22726369199995133	50.806784	done	16.674856	16.68102825699998	160.174080	done	0.416723	0.42220554599771276	55.549952
svcomp2025-termination-monotone-hulls-realified/loop-industry-pattern/ofuf_58abe66.i---hull-64_realified.yml	done	0.16759	0.17275722199701704	48.230400	done	0.109172	0.11371511899994857	44.920832	done	2.789726	2.7939644409998436	151.556096	done	0.153548	0.15796238600159995	47.333376
svcomp2025-termination-monotone-hulls-realified/loop-industry-pattern/ofuf_58abe66.i---hull-65_realified.yml	done	0.159565	0.16351855199900456	48.431104	done	0.121749	0.1264157250000153	45.572096	done	3.027353	3.0302938149998226	151.552000	done	0.13794	0.1432564239948988	47.157248
