tool	Projection of integer hull 1.0	Projection of integer hull 1.0	Projection of integer hull 1.0	Projection of integer hull 1.0	Projection of integer hull 1.0	Projection of integer hull 1.0	Projection of integer hull 1.0	Projection of integer hull 1.0
run set	[lira-convex-hull-pc-lplh.cra-monotone-svcomp; lira-convex-hull-pc-lplh.termination-monotone-svcomp]	[lira-convex-hull-pc-lplh.cra-monotone-svcomp; lira-convex-hull-pc-lplh.termination-monotone-svcomp]	[lira-convex-hull-pc-lplh.cra-monotone-svcomp; lira-convex-hull-pc-lplh.termination-monotone-svcomp]	[lira-convex-hull-pc-lplh.cra-monotone-svcomp; lira-convex-hull-pc-lplh.termination-monotone-svcomp]	[lira-convex-hull-real-relaxation-lw.cra-monotone-svcomp; lira-convex-hull-real-relaxation-lw.termination-monotone-svcomp]	[lira-convex-hull-real-relaxation-lw.cra-monotone-svcomp; lira-convex-hull-real-relaxation-lw.termination-monotone-svcomp]	[lira-convex-hull-real-relaxation-lw.cra-monotone-svcomp; lira-convex-hull-real-relaxation-lw.termination-monotone-svcomp]	[lira-convex-hull-real-relaxation-lw.cra-monotone-svcomp; lira-convex-hull-real-relaxation-lw.termination-monotone-svcomp]
/home/diagram/src/research/projects/duet/bench-nk-local-abstraction-popl-2025/filtered-popl-results/tasks/svcomp-2025/	status	cputime (s)	walltime (s)	memory (MB)	status	cputime (s)	walltime (s)	memory (MB)
svcomp2025-cra-monotone-hulls/loop-new/count_by_k1a7e0d.i---hull-2.yml	TIMEOUT	30.866352	30.876219482001034	426.344448	done	0.027518	0.03010263699979987	31.358976
svcomp2025-cra-monotone-hulls/loop-new/count_by_k1a7e0d.i---hull-3.yml	TIMEOUT	30.864697	30.875296231999528	425.627648	done	0.027745	0.030296602999442257	31.309824
svcomp2025-cra-monotone-hulls/loops-crafted-1/sumt8450278.i---hull-4.yml	TIMEOUT	30.849876	30.859887402009917	72.409088	done	0.064757	0.06750698800897226	34.922496
svcomp2025-cra-monotone-hulls/loops-crafted-1/sumt8450278.i---hull-5.yml	TIMEOUT	30.852952	30.86285752299591	72.261632	done	0.06764	0.06968894600868225	35.401728
svcomp2025-cra-monotone-hulls/loops-crafted-1/sumt9f7aa0a.i---hull-2.yml	TIMEOUT	30.848889	30.85920681200514	76.939264	done	0.045407	0.04870501298864838	34.152448
svcomp2025-cra-monotone-hulls/loops-crafted-1/sumt9f7aa0a.i---hull-3.yml	TIMEOUT	30.848385	30.859500271995785	75.395072	done	0.040328	0.04254610800126102	34.287616
svcomp2025-termination-monotone-hulls/loop-new/count_by_k3ddcb0.i---hull-0.yml	TIMEOUT	30.859841	30.870755479001673	424.542208	done	0.029105	0.031782930018380284	31.334400
svcomp2025-termination-monotone-hulls/loop-new/count_by_k3ddcb0.i---hull-1.yml	TIMEOUT	30.859252	30.868492909998167	422.072320	done	0.029229	0.031864728982327506	31.240192
